date,open,high,low,close,volume
2024-02-05,23.11,23.52,21.4,22.2,832956.0
2024-02-06,22.2,23.71,21.41,23.1,539460.0
2024-02-07,23.04,23.7,22.7,22.88,575950.0
2024-02-08,22.64,25.38,22.64,25.12,938455.0
2024-02-19,25.12,25.94,24.65,24.99,532067.0
2024-02-20,24.99,25.45,24.7,25.31,385622.0
2024-02-21,25.31,26.0,25.03,25.45,732554.0
2024-02-22,24.96,25.97,24.96,25.47,416673.0
2024-02-23,25.5,25.9,25.23,25.7,532723.0
2024-02-26,25.77,25.99,25.36,25.6,561738.0
2024-02-27,25.45,25.87,25.31,25.87,512603.0
2024-02-28,26.08,26.88,24.98,24.98,1096207.0
2024-02-29,24.61,25.7,24.61,25.5,736621.0
2024-03-01,25.59,26.0,25.3,25.49,514425.0
2024-03-04,25.4,25.98,24.95,25.01,616070.0
2024-03-05,24.98,24.98,23.98,24.13,541618.0
2024-03-06,23.98,24.59,23.72,23.91,482480.0
2024-03-07,23.91,24.17,23.44,23.52,411214.0
2024-03-08,23.69,23.75,23.31,23.51,279362.0
2024-03-11,23.68,25.97,23.65,25.37,1532910.0
2024-03-12,25.5,25.74,24.93,25.25,864497.0
2024-03-13,25.26,25.51,24.52,24.67,779536.0
2024-03-14,24.51,25.14,24.0,24.27,601154.0
2024-03-15,24.3,25.27,24.1,25.16,823055.0
2024-03-18,25.1,25.46,24.86,25.19,771944.0
2024-03-19,25.2,25.3,24.99,25.03,485289.0
2024-03-20,25.03,25.2,24.88,25.08,446066.0
2024-03-21,25.13,25.13,24.38,24.51,695450.0
2024-03-22,24.49,24.77,24.04,24.16,489363.0
2024-03-25,24.16,24.4,23.7,23.75,340850.0
2024-03-26,23.71,24.48,23.61,24.26,479955.0
2024-03-27,24.1,24.48,23.52,23.52,389966.0
2024-03-28,23.41,23.97,23.36,23.69,344770.0
2024-03-29,23.65,24.15,23.65,24.13,404150.0
2024-04-01,24.13,24.74,24.13,24.58,483631.0
2024-04-02,24.4,25.75,24.38,25.3,1407966.0
2024-04-03,25.3,26.45,25.2,25.4,1920295.0
2024-04-08,25.69,26.4,24.38,24.38,1427523.0
2024-04-09,24.31,26.38,24.21,26.25,2323866.0
2024-04-10,26.5,26.5,25.25,25.56,1538214.0
2024-04-11,25.4,25.87,24.74,25.17,1014232.0
2024-04-12,25.04,25.17,24.09,24.11,960931.0
2024-04-15,24.14,24.52,23.27,23.5,775303.0
2024-04-16,23.46,23.46,21.85,21.85,832391.0
2024-04-17,22.03,22.92,22.03,22.75,520991.0
2024-04-18,22.64,22.8,21.86,22.33,737823.0
2024-04-19,22.2,22.2,21.66,21.73,530335.0
2024-04-22,21.69,22.26,21.5,21.73,336976.0
2024-04-23,21.72,22.18,21.61,21.82,286903.0
2024-04-24,21.72,22.0,21.03,21.04,978388.0
2024-04-25,20.82,21.66,20.79,21.17,696924.0
2024-04-26,21.06,21.44,20.91,21.26,682105.0
2024-04-29,21.18,22.31,21.11,22.14,1049988.0
2024-04-30,22.14,22.21,21.45,21.62,693240.0
2024-05-06,21.83,22.49,21.83,22.28,861953.0
2024-05-07,22.28,22.66,22.09,22.58,633436.0
2024-05-08,22.53,22.53,21.9,21.92,812188.0
2024-05-09,22.17,23.15,22.16,22.6,1917107.0
2024-05-10,22.6,22.6,21.47,21.59,1900735.0
2024-05-13,21.59,21.6,20.6,20.63,1457857.0
2024-05-14,20.7,20.93,20.43,20.54,831173.0
2024-05-15,20.4,20.67,20.31,20.32,712971.0
2024-05-16,20.43,21.49,20.4,20.8,1681283.0
2024-05-17,20.8,21.29,20.56,21.29,887609.0
2024-05-20,21.58,22.22,21.29,21.52,1080767.0
2024-05-21,21.52,21.54,21.12,21.4,639366.0
2024-05-22,21.27,21.47,21.05,21.39,721459.0
2024-05-23,21.39,21.39,20.6,20.68,789737.0
2024-05-24,20.84,20.84,20.42,20.43,474866.0
2024-05-27,20.45,20.61,20.01,20.25,484450.0
2024-05-28,20.25,20.42,20.0,20.19,324025.0
2024-05-29,20.35,20.79,20.16,20.48,511470.0
2024-05-30,20.48,20.88,20.48,20.55,531458.0
2024-05-31,20.4,20.88,20.4,20.67,389936.0
2024-06-03,20.71,20.74,19.78,19.82,647817.0
2024-06-04,19.82,19.89,19.33,19.39,535250.0
2024-06-05,19.39,19.57,19.18,19.19,391386.0
2024-06-06,19.2,19.35,17.82,17.9,1238731.0
2024-06-07,17.9,18.3,17.88,18.1,516742.0
2024-06-11,18.04,18.48,17.71,18.29,338582.0
2024-06-12,18.37,18.61,18.3,18.33,408520.0
2024-06-13,18.3,18.98,18.07,18.69,755825.0
2024-06-14,18.69,18.97,18.4,18.8,653115.0
2024-06-17,18.74,19.36,18.66,18.99,552566.0
2024-06-18,18.9,19.17,18.72,18.86,431885.0
2024-06-19,18.91,18.91,18.56,18.56,247480.0
2024-06-20,18.5,18.98,18.45,18.81,650326.0
2024-06-21,18.73,18.74,18.22,18.35,396767.0
2024-06-24,18.7,18.7,17.24,17.27,782983.0
2024-06-25,17.27,17.42,16.93,17.07,381126.0
2024-06-26,17.13,17.92,16.93,17.88,502269.0
2024-06-27,17.72,17.87,17.55,17.55,372071.0
2024-06-28,17.61,17.89,17.35,17.36,264100.0
2024-07-01,17.4,17.63,17.01,17.2,376250.0
2024-07-02,17.26,17.44,17.0,17.18,426646.0
2024-07-03,17.23,17.57,17.14,17.35,416602.0
2024-07-04,17.41,17.41,16.6,16.63,432115.0
2024-07-05,16.68,16.8,16.44,16.79,281926.0
2024-07-08,16.76,16.78,16.0,16.04,319507.0
2024-07-09,15.86,16.25,15.71,15.95,567911.0
2024-07-10,15.9,16.36,15.83,15.98,504752.0
2024-07-11,16.45,17.1,16.37,16.84,709626.0
2024-07-12,16.83,17.04,16.77,16.8,334638.0
2024-07-15,16.75,16.93,16.39,16.39,217539.0
2024-07-16,16.45,16.52,16.08,16.19,327352.0
2024-07-17,16.18,16.41,16.09,16.21,348301.0
2024-07-18,16.06,16.23,15.8,16.07,349075.0
2024-07-19,16.07,16.46,16.03,16.16,226718.0
2024-07-22,16.24,16.51,16.18,16.4,288255.0
2024-07-23,16.4,16.56,15.88,15.89,281757.0
2024-07-24,15.91,15.94,15.59,15.59,306720.0
2024-07-25,15.58,16.24,15.52,16.01,389750.0
2024-07-26,16.01,16.32,16.0,16.06,321493.0
2024-07-29,16.03,16.13,15.8,15.85,226731.0
2024-07-30,15.77,16.15,15.74,15.96,324971.0
2024-07-31,16.04,16.46,15.95,16.44,564285.0
2024-08-01,16.48,16.72,16.31,16.62,624446.0
2024-08-02,16.62,16.73,16.41,16.48,461709.0
2024-08-05,16.43,16.68,16.02,16.02,481993.0
2024-08-06,16.1,16.41,16.03,16.36,355201.0
2024-08-07,16.33,16.39,16.2,16.34,298670.0
2024-08-08,16.3,16.36,16.02,16.22,298159.0
2024-08-09,16.18,16.37,15.96,15.98,275829.0
2024-08-12,16.06,16.11,15.84,15.92,222288.0
2024-08-13,15.92,16.19,15.68,16.15,324671.0
2024-08-14,16.13,16.28,15.96,15.97,261628.0
2024-08-15,16.04,16.19,15.82,16.14,289677.0
2024-08-16,16.1,16.2,15.94,16.03,333991.0
2024-08-19,15.94,16.09,15.4,15.41,466763.0
2024-08-20,15.45,15.64,15.15,15.25,340037.0
2024-08-21,15.17,15.64,15.11,15.43,345639.0
2024-08-22,15.34,15.89,15.34,15.5,687046.0
2024-08-23,15.17,15.36,14.45,14.59,1005749.0
2024-08-26,14.55,15.58,14.55,15.39,900617.0
2024-08-27,15.29,15.33,14.88,14.92,352535.0
2024-08-28,14.91,15.17,14.68,15.12,277857.0
2024-08-29,15.03,15.35,14.95,15.27,366035.0
2024-08-30,15.32,15.59,15.28,15.37,670525.0
2024-09-02,15.27,15.46,15.02,15.06,366493.0
2024-09-03,15.01,15.32,14.9,15.14,326841.0
2024-09-04,14.93,15.63,14.93,15.37,628162.0
2024-09-05,15.39,15.78,15.35,15.55,563369.0
2024-09-06,15.55,15.55,14.99,15.01,409664.0
2024-09-09,14.8,15.11,14.78,14.9,318268.0
2024-09-10,14.95,15.29,14.76,15.24,492562.0
2024-09-11,15.16,15.67,15.16,15.45,722471.0
2024-09-12,15.46,15.66,15.17,15.2,516614.0
2024-09-13,15.25,15.26,14.87,14.92,495964.0
2024-09-18,14.88,14.94,14.66,14.82,389729.0
2024-09-19,14.94,15.28,14.81,15.21,401677.0
2024-09-20,15.16,15.25,15.06,15.19,260151.0
2024-09-23,15.13,15.37,14.97,15.31,476646.0
2024-09-24,15.34,15.83,15.34,15.82,720602.0
2024-09-25,15.88,16.25,15.88,15.91,819127.0
2024-09-26,15.97,16.35,15.76,16.35,993753.0
2024-09-27,16.56,17.57,16.52,17.36,1349916.0
2024-09-30,18.1,20.09,17.63,19.63,3657595.0
2024-10-08,22.8,23.0,20.89,21.8,4051497.0
2024-10-09,21.21,21.9,20.58,20.6,2809461.0
2024-10-10,20.95,21.28,19.81,19.93,1603098.0
2024-10-11,19.92,20.0,18.4,18.56,1402609.0
2024-10-14,18.81,19.01,18.2,18.92,893587.0
2024-10-15,18.62,19.09,18.5,18.5,801533.0
2024-10-16,18.38,19.1,18.28,18.67,851148.0
2024-10-17,18.67,19.5,18.67,18.7,1111194.0
2024-10-18,18.82,19.83,18.5,19.43,1815775.0
2024-10-21,19.44,20.24,19.21,19.79,1709760.0
2024-10-22,19.81,20.03,19.56,19.88,1161424.0
2024-10-23,19.95,20.2,19.63,20.16,1271120.0
2024-10-24,20.06,20.18,19.4,19.53,921851.0
2024-10-25,21.94,23.44,20.15,23.44,8625628.0
2024-10-28,25.0,25.0,22.81,23.01,8868793.0
2024-10-29,22.81,25.01,22.81,23.44,7254966.0
2024-10-30,23.19,23.2,21.6,21.78,4544553.0
2024-10-31,21.5,23.1,21.5,22.96,3634372.0
2024-11-01,22.98,23.4,21.6,21.6,2957065.0
2024-11-04,21.6,21.99,21.18,21.67,1543601.0
2024-11-05,21.71,25.27,21.71,24.33,5065340.0
2024-11-06,25.54,28.45,24.5,24.84,6912783.0
2024-11-07,25.1,25.48,24.21,24.67,3509966.0
2024-11-08,25.26,26.6,24.66,25.06,3655757.0
2024-11-11,24.6,26.2,24.6,26.01,3755164.0
2024-11-12,26.5,27.39,24.98,25.0,4028854.0
2024-11-13,24.68,25.43,23.89,24.83,2137585.0
2024-11-14,24.96,25.55,23.73,23.74,1945522.0
2024-11-15,23.86,24.29,23.01,23.01,2208959.0
2024-11-18,25.3,27.61,24.3,27.4,11439838.0
2024-11-19,27.4,27.5,26.05,27.48,7388669.0
2024-11-20,27.4,29.2,27.27,28.33,6571896.0
2024-11-21,27.99,30.84,27.53,29.2,6842326.0
2024-11-22,29.0,29.38,27.37,27.38,4402703.0
2024-11-25,27.24,28.73,27.24,27.55,4210023.0
2024-11-26,27.54,27.76,25.73,25.98,3663205.0
2024-11-27,26.05,26.05,24.9,25.65,3769729.0
2024-11-28,25.75,28.7,25.59,27.39,5072458.0
2024-11-29,27.09,28.27,26.32,26.93,3288457.0
2024-12-02,27.0,27.8,26.6,27.01,2669947.0
2024-12-03,26.96,27.66,26.66,27.5,2507758.0
2024-12-04,27.2,27.2,25.76,25.95,2530211.0
2024-12-05,25.82,28.8,25.72,28.45,5253869.0
2024-12-06,28.35,28.78,27.46,28.47,3167374.0
2024-12-09,28.35,28.98,26.9,26.97,2542990.0
2024-12-10,28.0,28.5,26.62,26.7,2694807.0
2024-12-11,26.66,27.77,26.63,27.3,1860286.0
2024-12-12,27.03,27.03,26.26,26.57,1872422.0
2024-12-13,26.57,26.94,24.44,24.5,3627382.0
2024-12-16,24.49,24.88,23.84,24.0,1959326.0
2024-12-17,24.02,24.19,22.97,23.0,1437003.0
2024-12-18,23.0,23.25,22.72,22.87,1053114.0
2024-12-19,22.58,23.08,22.57,22.87,658119.0
2024-12-20,22.94,23.53,22.87,23.38,894253.0
2024-12-23,23.53,23.67,22.79,22.8,799552.0
2024-12-24,22.8,24.3,22.8,23.58,1314554.0
2024-12-25,23.61,24.2,23.05,23.38,660302.0
2024-12-26,24.53,24.53,23.73,24.22,1239932.0
2024-12-27,24.2,24.46,23.81,24.1,817030.0
2024-12-30,24.0,24.17,23.8,23.85,487006.0
2024-12-31,23.85,24.18,23.32,23.38,496811.0
2025-01-02,23.39,23.97,22.8,23.18,797953.0
2025-01-03,23.05,23.43,21.68,21.94,1035074.0
2025-01-06,21.73,22.41,21.21,21.82,642894.0
2025-01-07,21.93,22.24,21.72,22.23,416686.0
2025-01-08,22.05,22.25,20.8,21.65,1059303.0
2025-01-09,21.65,21.9,21.52,21.66,406592.0
2025-01-10,21.56,21.8,20.88,20.97,750712.0
2025-01-13,20.86,21.44,20.5,21.39,586425.0
2025-01-14,21.55,21.93,21.44,21.9,549520.0
2025-01-15,22.02,22.06,21.5,21.58,419701.0
2025-01-16,21.81,22.03,21.57,21.67,469278.0
2025-01-17,21.59,22.38,21.53,22.06,680909.0
2025-01-20,22.04,22.5,21.69,21.87,622360.0
2025-01-21,22.15,22.17,21.77,22.12,536679.0
2025-01-22,22.05,22.06,21.24,21.37,732396.0
2025-01-23,21.55,22.15,21.46,21.46,658875.0
2025-01-24,21.46,21.98,21.34,21.86,483117.0
2025-01-27,22.0,22.25,21.77,21.86,385074.0
2025-02-05,21.87,22.23,21.61,22.03,466182.0
2025-02-06,22.03,22.98,21.82,22.83,807688.0
2025-02-07,22.65,23.65,22.5,23.26,821371.0
2025-02-10,23.33,23.4,23.03,23.32,555742.0
2025-02-11,23.32,23.49,22.88,23.09,533916.0
2025-02-12,23.1,23.52,22.9,23.38,875819.0
2025-02-13,23.37,24.39,23.3,23.6,1209462.0
2025-02-14,23.62,24.93,23.62,24.36,1427426.0
2025-02-17,23.88,24.37,23.55,23.76,981829.0
2025-02-18,23.96,26.49,23.93,25.67,3584410.0
2025-02-19,25.41,25.67,24.7,25.41,2041023.0
2025-02-20,25.56,25.57,24.91,24.92,1387458.0
2025-02-21,25.0,25.31,24.57,25.08,1336668.0
2025-02-24,25.08,25.08,24.46,24.75,1086764.0
2025-02-25,24.75,25.48,24.51,24.93,1275134.0
2025-02-26,24.91,25.28,24.77,25.28,1314916.0
2025-02-27,25.61,26.35,24.92,26.3,2944754.0
2025-02-28,26.43,26.55,24.85,24.88,2038979.0
2025-03-03,24.9,26.73,24.85,25.7,2582321.0
2025-03-04,25.7,26.0,24.75,25.02,1430179.0
2025-03-05,25.02,25.04,24.34,24.54,1288551.0
2025-03-06,24.62,25.19,24.51,24.76,1344128.0
2025-03-07,24.67,24.71,23.8,24.0,1588410.0
2025-03-10,24.07,24.42,23.85,24.03,1135398.0
2025-03-11,24.0,24.09,23.3,23.76,1264314.0
2025-03-12,23.79,24.02,22.89,23.13,1382439.0
2025-03-13,23.13,23.2,22.76,23.08,754653.0
2025-03-14,23.08,23.62,22.91,23.58,877474.0
2025-03-17,23.58,23.8,23.0,23.17,1425316.0
2025-03-18,23.39,23.6,23.17,23.36,906664.0
2025-03-19,23.41,23.41,22.61,22.67,1406579.0
2025-03-20,22.67,23.23,22.51,22.56,1437822.0
2025-03-21,22.7,22.73,22.37,22.45,804124.0
2025-03-24,22.45,22.75,21.71,22.11,897701.0
2025-03-25,22.49,22.64,21.82,22.33,929598.0
2025-03-26,22.25,23.07,22.02,22.72,1168229.0
2025-03-27,22.62,23.1,22.2,22.37,1166308.0
2025-03-28,22.35,22.67,21.85,21.89,965237.0
2025-03-31,21.9,22.19,21.6,22.01,642493.0
2025-04-01,22.05,22.38,22.01,22.19,574958.0
2025-04-02,22.09,22.5,22.09,22.33,574816.0
2025-04-03,22.15,22.47,22.04,22.27,408022.0
2025-04-07,21.21,21.21,17.88,18.25,1960598.0
2025-04-08,18.3,19.33,18.0,18.62,1015209.0
2025-04-09,18.85,19.39,17.61,19.21,1138722.0
2025-04-10,19.83,20.1,19.3,19.67,829951.0
2025-04-11,19.52,20.06,19.52,19.83,561324.0
2025-04-14,20.04,20.37,19.83,20.14,507226.0
2025-04-15,20.29,20.72,20.1,20.59,1013229.0
2025-04-16,20.33,20.91,20.08,20.5,673613.0
2025-04-17,20.24,21.16,20.24,21.0,881528.0
2025-04-18,20.86,21.22,20.54,20.8,838344.0
2025-04-21,20.6,21.25,20.58,20.95,551413.0
2025-04-22,20.89,21.1,20.82,21.03,452967.0
2025-04-23,21.04,21.25,20.92,21.2,582273.0
2025-04-24,21.2,21.88,21.04,21.8,1417753.0
2025-04-25,21.52,21.89,21.15,21.2,1017485.0
2025-04-28,21.11,21.2,20.71,20.81,466210.0
2025-04-29,20.81,21.57,20.81,21.3,585943.0
2025-04-30,21.16,21.88,21.03,21.48,639564.0
2025-05-06,21.46,21.84,21.4,21.75,557836.0
2025-05-07,21.76,22.23,21.46,21.62,794318.0
2025-05-08,21.65,21.9,21.52,21.7,793550.0
2025-05-09,21.66,21.78,21.2,21.63,577448.0
2025-05-12,21.75,21.92,21.56,21.79,573573.0
2025-05-13,21.93,22.16,21.74,21.89,511376.0
2025-05-14,21.9,21.9,21.5,21.59,538384.0
2025-05-15,21.65,21.65,21.16,21.3,502569.0
2025-05-16,21.46,21.57,21.14,21.17,508942.0
2025-05-19,21.17,21.35,20.8,21.19,611047.0
2025-05-20,21.1,21.18,20.78,21.15,781689.0
2025-05-21,21.15,21.75,20.93,21.07,926091.0
2025-05-22,20.93,21.2,20.51,20.55,896215.0
2025-05-23,20.6,20.82,20.37,20.37,457159.0
2025-05-26,20.56,20.58,20.09,20.46,530385.0
2025-05-27,20.46,20.86,20.25,20.8,533319.0
2025-05-28,20.9,20.9,20.32,20.45,537368.0
2025-05-29,20.29,20.83,20.29,20.8,523533.0
2025-05-30,20.8,20.98,20.58,20.67,427150.0
2025-06-03,20.61,21.48,20.53,21.01,766023.0
2025-06-04,21.11,22.33,21.11,21.44,803380.0
2025-06-05,21.77,21.98,21.34,21.47,519300.0
2025-06-06,21.47,21.85,21.36,21.82,587422.0
2025-06-09,21.99,22.48,21.82,22.38,1354825.0
2025-06-10,22.5,25.8,22.5,24.36,5335237.0
2025-06-11,24.29,24.36,23.54,23.65,2783336.0
2025-06-12,23.5,25.3,23.3,24.82,4172183.0
2025-06-13,24.45,26.29,24.45,25.92,5361515.0
2025-06-16,25.79,26.82,25.18,25.98,4043052.0
2025-06-17,27.26,27.42,24.68,25.58,6032944.0
2025-06-18,26.01,26.01,23.51,25.0,5562109.0
2025-06-19,25.56,27.98,25.51,25.54,7976053.0
2025-06-20,25.09,26.26,24.73,24.73,4968793.0
2025-06-23,24.46,26.19,24.33,25.85,4200012.0
2025-06-24,25.93,31.02,25.88,31.02,15349862.0
2025-06-25,32.65,33.63,30.2,32.49,15615888.0
2025-06-26,31.33,37.79,31.33,34.47,14705576.0
2025-06-27,35.07,36.8,32.73,33.95,12162272.0
2025-06-30,33.5,33.84,31.35,33.08,8741830.0
2025-07-01,33.33,33.95,31.08,33.02,8467634.0
2025-07-02,32.69,34.88,32.0,34.5,9398411.0
2025-07-03,34.38,40.8,32.75,39.8,13530882.0
2025-07-04,38.25,38.86,35.5,36.2,11063086.0
2025-07-07,34.32,36.45,33.54,34.26,7815877.0
2025-07-08,34.0,35.58,33.4,34.62,6522852.0
2025-07-09,34.29,34.32,32.7,32.92,5838061.0
2025-07-10,32.59,33.8,32.26,32.71,3660096.0
2025-07-11,32.78,33.18,32.0,32.28,3882668.0
2025-07-14,31.88,32.77,31.8,31.99,3488048.0
2025-07-15,31.98,32.16,30.38,30.9,4207656.0
2025-07-16,30.9,31.29,30.66,31.05,2834934.0
2025-07-17,31.8,32.2,30.8,31.85,5138393.0
2025-07-18,31.0,34.38,30.92,34.15,8906127.0
2025-07-21,34.0,35.77,33.5,34.8,7442698.0
2025-07-22,34.3,36.5,33.74,34.35,7643871.0
2025-07-23,34.0,34.0,32.58,33.2,3845376.0
2025-07-24,33.0,34.77,33.0,33.54,3840809.0
2025-07-25,33.5,34.13,32.9,33.06,3583996.0
2025-07-28,32.88,34.88,32.88,34.8,5516745.0
2025-07-29,34.81,35.38,33.22,33.87,4820856.0
2025-07-30,34.21,34.23,31.5,31.9,6325582.0
2025-07-31,31.8,36.53,31.7,34.15,10581274.0
2025-08-01,33.81,36.03,33.61,34.7,7440530.0
2025-08-04,34.62,38.0,34.47,36.35,8448685.0
2025-08-05,35.91,37.49,35.6,36.1,4900404.0
2025-08-06,35.84,36.88,35.12,35.61,5594818.0
2025-08-07,35.28,35.6,34.25,34.6,4252507.0
2025-08-08,34.35,34.76,33.8,34.1,3328702.0
2025-08-11,34.68,35.56,34.1,34.83,4653689.0
2025-08-12,34.86,35.32,33.3,34.55,5335303.0
2025-08-13,34.3,35.82,34.22,35.3,5704873.0
2025-08-14,35.31,36.01,33.33,33.42,5766167.0
2025-08-15,33.27,34.66,33.27,34.24,3809977.0
2025-08-18,34.2,36.89,34.05,35.76,6813695.0
2025-08-19,35.99,37.79,35.35,36.41,6888011.0
2025-08-20,36.18,36.63,35.01,36.14,3686704.0
2025-08-21,36.75,36.75,34.2,34.43,4601626.0
2025-08-22,34.48,36.25,34.11,35.46,5448832.0
2025-08-25,35.47,38.2,35.22,36.3,6675856.0
2025-08-26,36.3,36.7,35.06,35.21,4371821.0
2025-08-27,35.21,36.2,33.8,33.84,7275695.0
2025-08-28,33.6,34.47,31.41,32.65,6045941.0
2025-08-29,32.38,34.95,32.04,33.85,6709528.0
2025-09-01,33.62,35.55,33.5,35.27,6998418.0
2025-09-02,35.5,36.8,35.0,35.2,6698299.0
2025-09-03,35.02,36.88,34.85,36.26,8255180.0
2025-09-04,36.4,37.65,34.51,35.47,9019068.0
2025-09-05,35.55,42.56,35.45,42.56,10955002.0
2025-09-08,46.17,50.7,44.16,48.22,22779589.0
2025-09-09,45.92,48.22,45.92,46.2,15400857.0
2025-09-10,44.36,46.0,44.25,45.03,9953081.0
2025-09-11,44.99,48.19,44.0,46.91,13333212.0
2025-09-12,45.8,46.4,43.43,44.84,11715680.0
2025-09-15,44.5,46.66,44.02,44.06,8999013.0
2025-09-16,44.0,45.4,43.23,45.3,7236497.0
2025-09-17,45.0,45.48,42.83,43.36,7158459.0
2025-09-18,42.88,43.6,41.7,42.12,6727073.0
2025-09-19,42.28,42.97,41.3,41.5,4466533.0
2025-09-22,41.7,42.49,40.99,42.0,3181858.0
2025-09-23,42.43,42.86,39.58,40.49,4868177.0
2025-09-24,40.02,42.29,40.02,41.8,4400963.0
2025-09-25,41.9,41.92,40.52,40.55,3374378.0
2025-09-26,40.11,41.25,38.95,39.4,3756646.0
2025-09-29,39.41,45.8,39.41,44.29,12638813.0
2025-09-30,44.13,49.6,43.9,47.01,13028116.0
2025-10-09,47.03,49.45,47.03,47.56,9909094.0
2025-10-10,48.0,50.7,45.91,47.34,8897716.0
2025-10-13,45.91,48.3,45.58,47.6,8687131.0
2025-10-14,47.7,49.08,44.95,44.95,8368238.0
2025-10-15,45.4,47.59,42.81,43.13,6823541.0
2025-10-16,43.01,44.95,42.56,43.04,5563148.0
2025-10-17,43.04,47.19,43.04,43.28,10141508.0
2025-10-20,45.0,51.0,44.58,48.05,14614457.0
2025-10-21,48.05,48.99,45.06,45.47,9590064.0
2025-10-22,45.3,45.3,42.69,43.31,6946264.0
2025-10-23,42.99,43.72,41.34,43.05,6072609.0
2025-10-24,42.81,44.2,42.46,43.12,5172666.0
2025-10-27,43.65,43.95,40.8,41.25,6662092.0
2025-10-28,41.15,43.3,40.5,42.6,5635771.0
2025-10-29,42.5,44.29,42.35,43.3,5015612.0
2025-10-30,43.5,48.28,42.6,46.34,12117643.0
2025-10-31,47.4,51.77,47.4,48.09,14391514.0
2025-11-03,48.33,48.99,44.63,47.18,8237689.0
2025-11-04,46.95,52.5,46.95,51.13,13628108.0
2025-11-05,50.0,55.66,49.99,54.2,14892115.0
2025-11-06,55.83,65.04,55.83,65.04,18748076.0
2025-11-07,66.99,78.05,66.95,77.5,21291663.0
2025-11-10,82.18,93.0,82.18,93.0,16427418.0
2025-11-11,88.0,107.0,84.0,95.68,16711923.0
2025-11-12,93.88,103.04,89.01,100.0,15414927.0
2025-11-13,109.89,120.0,108.5,120.0,12194872.0
2025-11-14,125.0,143.5,123.03,139.2,22230997.0
2025-11-17,138.0,155.0,122.5,136.87,21198548.0
2025-11-18,130.0,132.0,112.23,113.0,20289195.0
2025-11-19,115.23,118.88,110.18,114.69,15028098.0
2025-11-20,114.77,120.53,103.99,103.99,16654248.0
2025-11-21,100.0,102.0,90.02,93.0,17153209.0
2025-11-24,95.0,96.88,93.18,93.4,11135344.0
2025-11-25,95.51,102.33,90.87,99.17,17579712.0
2025-11-26,98.95,106.25,95.58,100.28,18112898.0
2025-11-27,95.79,118.53,95.33,115.86,23923845.0
2025-11-28,110.0,118.0,108.52,111.8,16911085.0
2025-12-01,115.0,121.98,108.11,109.5,14526724.0
2025-12-02,110.0,113.3,103.65,104.83,11238183.0
2025-12-03,105.0,107.0,97.59,99.73,12825526.0
2025-12-04,101.33,101.8,97.29,97.75,7337207.0
2025-12-05,97.66,102.59,96.02,99.88,9363303.0
2025-12-08,98.66,103.0,96.66,101.6,11134692.0
2025-12-09,101.5,104.6,97.59,100.98,11157335.0
2025-12-10,101.2,111.38,98.2,108.78,15743832.0
2025-12-11,110.32,111.66,101.2,102.1,11464253.0
2025-12-12,100.87,103.68,93.4,95.23,11806844.0
2025-12-15,95.4,101.0,95.4,97.5,7868103.0
2025-12-16,96.32,99.6,92.05,94.0,8235368.0
2025-12-17,96.0,106.0,96.0,102.9,13595815.0
2025-12-18,100.11,102.59,92.1,92.1,13048991.0
2025-12-19,92.66,94.58,89.01,93.14,9947721.0
2025-12-22,93.0,95.68,90.95,93.53,9037697.0
2025-12-23,93.6,107.58,92.12,104.58,19216240.0
2025-12-24,105.0,110.8,104.0,107.98,17922205.0
2025-12-25,103.18,112.6,101.09,109.79,15091946.0
2025-12-26,118.0,129.5,108.9,122.82,22415395.0
2025-12-29,121.9,123.25,112.0,113.79,16785315.0
2025-12-30,110.98,122.14,107.33,117.1,17006229.0
2025-12-31,115.57,120.54,113.29,113.7,11075013.0
2026-01-05,117.0,125.0,113.28,122.29,14941593.0
2026-01-06,125.68,126.28,118.51,118.85,14178714.0
2026-01-07,115.01,118.0,111.51,114.18,12136598.0
2026-01-08,112.1,115.5,109.01,111.78,9234659.0
2026-01-09,108.98,113.87,107.8,108.34,9955731.0
2026-01-12,113.1,113.96,107.51,107.93,11534835.0
2026-01-13,107.2,115.28,106.99,110.98,12933558.0
2026-01-14,108.0,110.91,103.0,104.69,11970390.0
2026-01-15,102.54,109.98,102.54,106.53,8948372.0
2026-01-16,105.6,113.0,105.58,108.71,9792812.0
2026-01-19,106.8,111.58,106.76,109.0,7071171.0
2026-01-20,111.15,113.9,103.91,105.79,8205336.0
2026-01-21,105.01,114.45,105.01,112.77,10663701.0
2026-01-22,111.79,113.38,109.6,110.66,6437425.0
2026-01-23,110.66,113.95,109.68,112.0,7319542.0
2026-01-26,112.15,112.97,106.31,108.77,7099601.0
2026-01-27,107.09,107.69,98.5,102.08,8150856.0
2026-01-28,102.07,103.18,99.5,101.48,5373497.0
2026-01-29,99.55,102.3,97.0,99.49,4616618.0
2026-01-30,98.51,100.33,95.0,98.97,5407667.0
2026-02-02,99.0,102.84,98.8,99.0,4597961.0
2026-02-03,100.5,102.78,99.33,102.56,5196986.0
2026-02-04,102.5,103.48,100.0,101.99,3854319.0
2026-02-05,100.61,101.77,97.77,98.5,3634161.0
2026-02-06,96.31,106.96,96.28,104.21,8201075.0
2026-02-09,104.89,105.77,102.3,102.98,5231293.0
2026-02-10,102.1,103.0,99.66,101.7,3819972.0
2026-02-11,100.9,108.36,100.9,107.17,8415239.0
2026-02-12,105.9,108.56,104.01,106.95,5060548.0
2026-02-13,106.0,111.37,105.5,109.92,6010987.0
2026-02-24,112.5,112.5,106.78,108.09,4586893.0
2026-02-25,107.51,114.51,106.01,111.02,6419834.0
2026-02-26,115.27,117.0,106.51,107.52,6693292.0
2026-02-27,104.76,113.0,104.76,109.71,5805641.0
2026-03-02,108.5,111.56,107.22,108.18,4350353.0
2026-03-03,107.9,109.46,104.0,104.33,5075257.0
2026-03-04,102.0,106.49,102.0,103.96,2787812.0
2026-03-05,105.93,108.59,103.61,104.82,3793573.0
2026-03-06,104.0,106.32,103.51,104.48,2905114.0
2026-03-09,102.0,109.45,101.22,108.05,5519203.0
2026-03-10,108.7,111.46,107.15,107.98,4194803.0
2026-03-11,106.5,115.96,106.37,114.22,9864679.0
2026-03-12,112.65,116.08,110.51,111.45,6319818.0
2026-03-13,111.73,118.32,110.58,113.01,8271570.0
2026-03-16,113.06,119.88,113.05,117.8,8111264.0
2026-03-17,115.8,118.5,110.08,110.48,7032803.0
2026-03-18,110.0,111.11,104.5,108.31,5713889.0
2026-03-19,112.0,112.0,100.39,100.83,7173582.0
2026-03-20,101.36,107.0,101.01,103.53,7019766.0
2026-03-23,100.02,105.48,97.0,98.81,5688260.0
2026-03-24,102.98,112.0,102.0,109.71,11038687.0
2026-03-25,107.01,112.45,106.06,111.28,8512137.0
2026-03-26,109.89,128.17,109.89,119.89,15887324.0
2026-03-27,120.0,137.89,119.8,131.69,17965525.0
2026-03-30,131.0,134.0,125.2,130.78,12434860.0
2026-03-31,127.47,129.48,120.46,120.5,10697257.0
2026-04-01,122.78,123.96,116.0,121.6,9530098.0
2026-04-02,119.98,124.37,118.21,119.8,7422104.0
2026-04-03,116.37,118.5,109.2,112.06,9423423.0
2026-04-07,112.5,114.25,111.0,112.7,4582764.0
2026-04-08,113.9,115.79,112.0,115.5,6975788.0
2026-04-09,115.95,120.0,112.02,117.45,6594874.0
2026-04-10,117.0,123.67,116.98,121.3,7318133.0
2026-04-13,119.4,126.88,118.3,125.3,8384677.0
2026-04-14,127.0,140.0,122.57,135.0,11387638.0
2026-04-15,131.13,131.14,122.3,123.0,10496677.0
2026-04-16,123.0,128.21,122.3,124.62,6700841.0
2026-04-17,123.5,127.99,123.1,124.83,6871511.0
2026-04-20,123.9,125.8,122.27,124.99,5110631.0
2026-04-21,125.36,129.99,123.25,128.3,7463371.0
2026-04-22,126.5,129.88,124.88,127.26,6610049.0
2026-04-23,122.0,123.42,115.39,115.77,8630484.0
2026-04-24,115.77,120.88,114.1,119.92,5606307.0
2026-04-27,117.0,122.48,117.0,121.01,5271315.0
2026-04-28,122.77,122.8,116.1,116.47,5820445.0
2026-04-29,115.99,127.25,114.78,125.88,10665268.0
2026-04-30,110.77,117.0,108.8,109.95,13922620.0
2026-05-06,109.95,114.35,108.0,113.3,8940830.0
2026-05-07,113.3,114.49,109.0,109.9,8985012.0
2026-05-08,110.13,113.2,104.4,105.5,9013797.0
2026-05-11,106.01,107.64,104.74,107.31,5668464.0
2026-05-12,107.24,107.24,103.03,104.6,5928629.0
2026-05-13,104.0,105.16,102.77,104.81,5236996.0
2026-05-14,104.8,104.88,100.66,100.66,5373596.0
2026-05-15,101.32,104.51,100.8,101.96,5289631.0
2026-05-18,102.08,102.3,98.0,100.94,3717886.0
2026-05-19,101.01,101.48,96.8,98.29,4663210.0
2026-05-20,98.29,101.93,96.31,100.18,4488796.0
2026-05-21,100.5,102.45,94.44,94.8,5369001.0
2026-05-22,95.0,95.73,92.3,95.51,3422071.0
2026-05-25,95.45,95.6,91.35,92.24,4806795.0
2026-05-26,91.8,93.05,89.64,90.86,4428982.0
2026-05-27,91.58,91.97,88.13,89.2,3711650.0
2026-05-28,88.88,90.0,85.38,88.44,4579611.0
2026-05-29,88.4,90.6,84.74,85.04,4140138.0
2026-06-01,86.79,88.28,85.8,86.2,3430841.0
2026-06-02,88.0,88.03,81.6,84.22,3314056.0
2026-06-03,84.0,85.84,82.63,83.43,3350401.0
2026-06-04,82.93,83.36,81.18,81.62,3481546.0
2026-06-05,81.9,84.8,79.56,82.73,4649049.0
2026-06-08,80.52,83.88,78.52,79.75,3607905.0
2026-06-09,80.98,83.75,79.45,82.71,3731556.0
2026-06-10,81.0,83.0,79.73,80.21,3436441.0
2026-06-11,80.13,83.56,79.01,81.24,4362163.0
2026-06-12,81.79,94.68,81.24,94.07,11638226.0
2026-06-15,96.88,108.87,94.88,107.8,15801850.0
2026-06-16,107.0,111.51,103.5,109.41,11527097.0
2026-06-17,108.4,119.6,108.01,116.8,12140278.0
2026-06-18,116.42,122.0,114.08,119.27,15526890.0
2026-06-22,120.0,123.0,114.3,122.12,15087781.0
2026-06-23,118.5,126.0,118.5,120.2,12048023.0
2026-06-24,126.0,128.0,112.2,119.88,12620864.0
2026-06-25,117.49,122.0,116.6,118.5,9446534.0
2026-06-26,118.49,119.5,109.81,109.99,9029036.0
2026-06-29,109.01,116.89,106.98,114.24,8609599.0
2026-06-30,112.0,118.78,111.11,116.07,7135551.0
2026-07-01,115.87,122.87,114.0,117.84,9333664.0
2026-07-02,118.96,121.5,113.51,118.15,7978075.0
2026-07-03,117.9,120.66,112.88,113.02,7383799.0
2026-07-06,113.0,116.58,108.0,108.72,6148160.0
2026-07-07,111.66,116.55,104.85,106.5,6302641.0
2026-07-08,106.09,107.41,98.0,98.0,7324375.0
2026-07-09,97.05,99.17,93.03,98.38,6557112.0
2026-07-10,97.92,99.95,93.6,93.72,5669189.0
2026-07-13,93.0,94.97,86.3,86.9,5421773.0
2026-07-14,86.65,88.5,84.87,87.67,4447200.0
2026-07-15,87.06,88.8,83.9,84.32,4320227.0
2026-07-16,84.58,97.49,82.0,91.11,11619644.0
2026-07-17,90.91,93.81,84.4,88.5,9607222.0
2026-07-20,90.75,92.5,80.0,82.4,9047454.0
2026-07-21,82.0,89.77,77.0,89.32,8844154.0
2026-07-22,91.98,95.8,88.89,89.4,8507607.0
2026-07-23,89.4,99.52,88.19,99.31,11592804.0
2026-07-24,97.0,105.53,95.18,96.0,11357508.0
2026-07-27,101.0,103.0,94.03,100.98,12909234.0
2026-07-28,98.0,102.5,89.14,89.99,9094700.0
2026-07-29,90.85,96.95,84.88,93.03,8656682.0
2026-07-30,91.0,93.7,89.2,90.13,6848971.0
2026-07-31,88.66,92.48,87.79,87.96,7253018.0
2026-08-03,88.0,91.9,84.76,89.42,5464526.0
2026-08-04,88.8,90.49,86.89,89.63,4814481.0
2026-08-05,89.06,95.3,88.96,95.3,7319501.0
2026-08-06,94.5,97.25,93.3,94.95,6051818.0
2026-08-07,97.0,98.0,93.66,94.25,6254517.0
2026-08-10,95.78,97.0,92.0,96.2,7370154.0
2026-08-11,95.5,98.9,93.61,93.82,7139772.0
2026-08-12,93.0,100.18,92.8,95.4,8553574.0
2026-08-13,94.2,98.0,94.2,94.65,6296193.0
2026-08-14,95.52,103.18,94.8,98.02,8459715.0
2026-08-17,99.98,108.39,99.11,108.3,10504982.0
2026-08-18,107.37,108.67,103.75,104.3,6948525.0
2026-08-19,102.0,106.0,97.43,99.89,7423366.0
2026-08-20,94.88,96.6,88.88,90.0,10476761.0
2026-08-21,88.0,93.99,87.0,91.2,7071899.0
2026-08-24,90.86,93.9,89.74,91.9,5507701.0
2026-08-25,90.5,91.51,86.35,88.48,5732254.0
2026-08-26,88.0,92.22,87.14,89.99,4627562.0
2026-08-27,89.76,90.88,88.05,90.25,4018065.0
2026-08-28,90.27,93.44,90.1,91.55,4554184.0
