date,open,high,low,close,volume
2024-02-05,56.5,58.99,54.0,54.66,8056182.0
2024-02-06,53.0,58.5,48.22,56.56,7660030.0
2024-02-07,56.54,64.87,55.36,60.08,8435961.0
2024-02-08,58.16,61.95,57.99,61.92,6601406.0
2024-02-19,60.94,68.62,60.3,67.11,8631704.0
2024-02-20,65.4,69.96,64.1,67.56,9045623.0
2024-02-21,72.0,78.21,65.81,66.0,11474820.0
2024-02-22,66.01,69.93,66.01,67.6,8324301.0
2024-02-23,65.0,67.46,64.66,66.3,6820775.0
2024-02-26,66.2,68.66,66.2,67.78,6643606.0
2024-02-27,66.81,69.16,65.22,69.07,6388449.0
2024-02-28,68.2,69.8,62.44,62.5,7050007.0
2024-02-29,62.0,64.96,61.38,64.95,4307244.0
2024-03-01,65.0,67.64,64.26,66.95,4622947.0
2024-03-04,68.2,71.6,67.37,68.05,6575689.0
2024-03-05,66.52,69.2,65.68,68.88,6317591.0
2024-03-06,67.99,70.44,67.62,69.67,5515769.0
2024-03-07,69.2,71.59,66.9,67.02,5914075.0
2024-03-08,67.8,75.33,65.74,72.36,9757040.0
2024-03-11,71.56,72.71,70.46,71.45,5908152.0
2024-03-12,71.0,72.69,70.2,70.7,4747369.0
2024-03-13,70.3,72.94,69.55,71.7,6177634.0
2024-03-14,71.6,71.66,67.85,69.23,5039799.0
2024-03-15,68.58,68.89,66.51,68.5,3749802.0
2024-03-18,68.93,70.4,68.6,69.99,4151657.0
2024-03-19,69.48,70.97,68.59,69.58,4095621.0
2024-03-20,68.6,70.68,68.22,69.85,3827196.0
2024-03-21,71.02,73.53,70.07,71.67,7591691.0
2024-03-22,70.88,71.53,68.59,68.62,4811289.0
2024-03-25,67.7,67.99,63.59,64.0,4054392.0
2024-03-26,63.81,64.79,63.38,64.37,2285622.0
2024-03-27,64.0,64.18,61.27,61.27,2236090.0
2024-03-28,61.0,63.68,60.64,62.75,2245597.0
2024-03-29,62.43,63.86,62.0,63.8,1887569.0
2024-04-01,63.79,64.8,63.4,64.6,1855436.0
2024-04-02,64.53,64.53,62.71,63.12,2001950.0
2024-04-03,62.64,63.24,61.34,61.35,1548698.0
2024-04-08,60.69,60.79,58.8,58.8,1959252.0
2024-04-09,59.8,60.99,59.27,60.54,1629568.0
2024-04-10,59.81,60.39,58.58,59.16,1536919.0
2024-04-11,58.58,60.98,58.55,59.32,1392682.0
2024-04-12,58.99,59.75,56.65,57.25,2043128.0
2024-04-15,57.25,58.3,54.8,55.83,1847753.0
2024-04-16,55.5,56.0,52.03,52.1,2200351.0
2024-04-17,53.0,54.82,53.0,54.76,1923870.0
2024-04-18,54.8,55.66,53.88,54.9,1672666.0
2024-04-19,57.53,58.5,56.0,56.52,3493496.0
2024-04-22,58.8,61.8,58.58,58.62,3787543.0
2024-04-23,56.68,60.6,56.68,59.03,3105247.0
2024-04-24,58.94,61.09,58.1,61.05,3434148.0
2024-04-25,60.45,61.5,59.24,59.62,2794427.0
2024-04-26,59.0,61.08,58.81,60.18,3166985.0
2024-04-29,60.85,62.98,60.72,62.36,3793111.0
2024-04-30,62.15,62.96,61.45,61.48,3533124.0
2024-05-06,61.7,62.68,61.49,62.26,3134631.0
2024-05-07,61.96,64.88,61.7,63.73,4351734.0
2024-05-08,63.14,66.65,63.01,66.4,5860968.0
2024-05-09,64.12,66.6,62.55,64.02,5706150.0
2024-05-10,61.69,61.96,57.28,58.0,8526675.0
2024-05-13,57.0,58.18,56.35,57.0,3145535.0
2024-05-14,57.25,57.99,56.66,56.96,2806950.0
2024-05-15,56.7,57.34,56.16,56.83,2027355.0
2024-05-16,56.82,57.28,56.39,56.51,2214976.0
2024-05-17,56.5,56.9,55.3,56.17,3538768.0
2024-05-20,56.0,56.59,55.71,56.39,2984694.0
2024-05-21,56.06,56.28,55.1,55.4,2631955.0
2024-05-22,55.65,55.93,55.3,55.59,2287100.0
2024-05-23,55.55,55.55,54.29,54.5,2184672.0
2024-05-24,55.91,56.16,54.04,54.2,3708797.0
2024-05-27,53.49,54.4,52.71,53.52,2960200.0
2024-05-28,53.6,53.66,52.48,52.5,2094847.0
2024-05-29,52.5,52.8,52.1,52.54,2218533.0
2024-05-30,52.11,52.56,51.66,52.03,1964300.0
2024-05-31,52.0,52.55,51.82,52.46,2397464.0
2024-06-03,53.34,53.55,52.12,52.9,3035873.0
2024-06-04,52.53,54.78,52.4,54.25,4502222.0
2024-06-05,53.86,54.49,53.3,53.6,2957791.0
2024-06-06,53.46,54.08,51.33,51.62,3256078.0
2024-06-07,52.3,52.58,50.88,51.59,2000837.0
2024-06-11,51.02,51.87,50.12,51.7,1943471.0
2024-06-12,51.49,52.94,51.39,52.59,3032499.0
2024-06-13,52.59,53.36,52.2,52.86,2751800.0
2024-06-14,52.55,53.33,52.23,52.35,2837785.0
2024-06-17,52.27,53.3,52.05,52.9,1926200.0
2024-06-18,52.9,53.85,52.52,53.15,3299963.0
2024-06-19,52.62,52.86,50.7,50.7,3558094.0
2024-06-20,50.9,51.93,50.57,50.7,2338709.0
2024-06-21,50.0,54.68,49.51,53.13,6192952.0
2024-06-24,51.5,51.89,50.01,50.19,3727366.0
2024-06-25,49.85,51.03,49.7,50.28,2131420.0
2024-06-26,49.61,51.27,49.61,51.26,2576555.0
2024-06-27,39.27,39.36,38.18,38.18,2665688.0
2024-06-28,38.1,38.76,37.65,37.69,3114001.0
2024-07-01,37.88,38.0,36.19,37.65,3744963.0
2024-07-02,40.43,40.99,38.57,38.66,7431948.0
2024-07-03,38.0,38.6,36.82,36.84,5048316.0
2024-07-04,36.9,36.93,34.97,35.0,4559893.0
2024-07-05,35.14,35.85,34.11,35.79,3752010.0
2024-07-08,35.7,35.7,33.87,34.05,3395230.0
2024-07-09,33.82,34.83,33.3,34.81,4085447.0
2024-07-10,34.43,35.3,34.36,34.77,2794880.0
2024-07-11,35.57,36.18,35.2,36.12,4452000.0
2024-07-12,36.45,37.12,35.62,35.63,4646202.0
2024-07-15,35.16,35.5,34.5,34.59,3180246.0
2024-07-16,34.6,35.11,34.43,35.08,2681397.0
2024-07-17,35.01,35.35,34.75,35.04,2767079.0
2024-07-18,34.62,35.43,34.45,35.35,3027991.0
2024-07-19,35.01,35.81,34.94,35.56,3104973.0
2024-07-22,35.29,36.08,35.2,35.86,2909013.0
2024-07-23,35.81,36.0,34.92,35.06,2960960.0
2024-07-24,35.54,36.28,34.4,34.93,4439926.0
2024-07-25,34.5,35.35,34.26,34.92,2797600.0
2024-07-26,34.92,35.65,34.88,35.54,3427886.0
2024-07-29,36.18,36.36,35.52,35.6,4162905.0
2024-07-30,35.18,35.86,34.95,35.57,2958697.0
2024-07-31,35.65,36.9,35.51,36.9,5995963.0
2024-08-01,36.63,37.15,36.52,36.97,4100778.0
2024-08-02,36.7,37.75,36.55,36.58,5167707.0
2024-08-05,36.7,37.55,35.75,35.9,4955028.0
2024-08-06,36.57,36.73,35.93,36.64,3682409.0
2024-08-07,36.67,36.7,36.2,36.32,2558790.0
2024-08-08,36.21,36.68,35.85,35.93,2797790.0
2024-08-09,36.2,36.62,34.46,34.46,4627051.0
2024-08-12,34.1,35.19,33.91,34.68,3199744.0
2024-08-13,34.42,34.98,34.09,34.81,2181383.0
2024-08-14,34.9,35.0,34.63,34.66,1696600.0
2024-08-15,35.22,35.62,34.77,34.98,3463445.0
2024-08-16,34.99,35.2,34.75,34.99,2587217.0
2024-08-19,35.12,35.4,33.98,34.02,2856290.0
2024-08-20,33.86,34.06,32.39,32.42,4077603.0
2024-08-21,32.38,32.43,31.76,31.89,2265730.0
2024-08-22,32.06,32.2,31.0,31.23,2485739.0
2024-08-23,30.97,31.4,30.76,31.04,1648610.0
2024-08-26,31.04,31.25,30.7,30.95,2094185.0
2024-08-27,31.08,31.2,30.38,30.45,2152569.0
2024-08-28,31.05,31.92,30.76,31.16,4375641.0
2024-08-29,30.82,32.46,30.82,32.17,4644413.0
2024-08-30,32.0,33.17,31.92,32.74,4402536.0
2024-09-02,32.75,33.05,31.78,31.86,3100770.0
2024-09-03,31.85,32.36,31.55,32.1,2221822.0
2024-09-04,31.67,32.41,31.67,32.0,1886453.0
2024-09-05,32.06,32.44,31.95,32.26,1615985.0
2024-09-06,32.12,32.38,31.38,31.38,1950458.0
2024-09-09,32.01,32.95,31.58,31.95,5366244.0
2024-09-10,31.8,32.67,31.31,31.99,4012339.0
2024-09-11,31.9,32.97,31.6,31.91,3728549.0
2024-09-12,31.93,32.48,31.4,31.52,3053255.0
2024-09-13,31.3,31.51,30.78,30.78,2333250.0
2024-09-18,30.78,31.48,29.61,30.1,3232478.0
2024-09-19,30.45,31.15,30.18,30.88,3201998.0
2024-09-20,31.0,31.22,30.49,30.8,2353350.0
2024-09-23,30.68,31.1,30.6,30.81,2086833.0
2024-09-24,30.89,31.67,30.23,31.67,5235990.0
2024-09-25,31.89,32.74,31.78,32.13,5538074.0
2024-09-26,32.01,33.3,31.88,33.3,6674374.0
2024-09-27,33.8,36.76,33.75,36.33,10075380.0
2024-09-30,38.54,42.28,36.98,41.4,16883048.0
2024-10-08,49.0,49.0,42.6,45.44,19068883.0
2024-10-09,43.18,44.79,40.24,40.27,12719305.0
2024-10-10,41.01,42.27,40.08,40.26,7934514.0
2024-10-11,39.78,39.88,37.03,37.8,7846463.0
2024-10-14,37.84,40.49,36.78,39.3,9506045.0
2024-10-15,39.2,42.88,38.58,39.91,12642059.0
2024-10-16,39.26,43.58,39.22,42.02,17966314.0
2024-10-17,42.6,42.6,40.37,40.45,13198027.0
2024-10-18,39.6,42.93,39.11,41.82,16206870.0
2024-10-21,42.52,44.9,41.55,44.44,18856246.0
2024-10-22,43.8,46.64,43.44,45.71,19650930.0
2024-10-23,45.0,45.5,43.8,44.14,12383581.0
2024-10-24,43.8,44.32,43.23,43.29,6591649.0
2024-10-25,43.3,44.4,43.13,44.06,6707522.0
2024-10-28,44.5,45.15,43.68,44.17,8100182.0
2024-10-29,44.17,48.0,42.43,45.65,17104643.0
2024-10-30,44.59,47.4,43.8,44.15,13166722.0
2024-10-31,43.71,45.35,43.35,44.78,11977490.0
2024-11-01,44.11,46.98,43.06,44.68,14708736.0
2024-11-04,44.9,49.59,44.63,47.62,20856572.0
2024-11-05,46.84,50.3,46.3,49.48,21000361.0
2024-11-06,49.2,52.9,48.02,50.93,23348102.0
2024-11-07,52.9,55.0,50.68,51.2,21843106.0
2024-11-08,50.7,56.0,50.38,54.74,24238557.0
2024-11-11,54.7,57.7,54.29,57.0,20012455.0
2024-11-12,56.5,58.71,54.5,55.42,17903129.0
2024-11-13,54.88,55.52,52.47,53.0,14100929.0
2024-11-14,53.67,55.0,50.9,51.2,14528813.0
2024-11-15,50.2,51.55,49.7,50.0,11394872.0
2024-11-18,49.84,49.96,44.81,45.14,14953730.0
2024-11-19,45.6,46.45,44.22,46.3,9618650.0
2024-11-20,46.0,47.78,45.7,46.9,9594251.0
2024-11-21,46.51,48.1,46.1,46.82,8630285.0
2024-11-22,46.57,46.6,43.82,44.01,9201454.0
2024-11-25,44.1,44.99,43.3,44.7,6452802.0
2024-11-26,44.8,49.99,44.42,46.95,16925898.0
2024-11-27,46.26,46.69,44.25,46.66,11398170.0
2024-11-28,46.6,47.8,46.38,46.4,9065480.0
2024-11-29,46.34,47.77,45.81,47.2,9083604.0
2024-12-02,47.92,49.8,47.7,49.36,12531998.0
2024-12-03,49.08,50.3,48.7,49.03,9525454.0
2024-12-04,48.52,49.25,47.65,48.02,8133187.0
2024-12-05,47.75,50.36,47.6,50.0,11826234.0
2024-12-06,49.5,49.9,48.19,48.83,9998176.0
2024-12-09,48.82,50.37,48.11,49.65,10474493.0
2024-12-10,51.08,51.6,49.55,49.76,13651446.0
2024-12-11,49.3,49.3,48.4,48.8,8078000.0
2024-12-12,48.75,48.75,47.47,48.15,7946820.0
2024-12-13,47.59,48.0,47.15,47.75,7237821.0
2024-12-16,47.6,50.98,47.2,49.38,14600559.0
2024-12-17,48.68,48.9,46.11,46.45,11018680.0
2024-12-18,46.46,54.38,46.46,52.57,31654997.0
2024-12-19,52.29,52.87,49.86,50.39,21841481.0
2024-12-20,50.3,51.65,49.5,50.41,16139917.0
2024-12-23,50.2,50.6,47.34,47.39,12300605.0
2024-12-24,47.66,48.54,47.03,47.75,7917087.0
2024-12-25,49.45,50.5,47.95,48.11,15743344.0
2024-12-26,46.52,48.43,46.52,48.1,11282241.0
2024-12-27,48.1,48.87,47.4,47.86,9527750.0
2024-12-30,47.05,47.3,44.99,45.4,10899236.0
2024-12-31,45.49,45.76,43.25,43.28,8973687.0
2025-01-02,43.5,43.86,41.83,42.29,7004109.0
2025-01-03,42.5,42.75,41.0,41.04,6171030.0
2025-01-06,41.23,42.5,41.04,41.57,5563604.0
2025-01-07,41.76,42.26,40.8,42.15,5167528.0
2025-01-08,42.8,44.37,42.8,43.53,12552797.0
2025-01-09,42.47,44.44,42.17,43.31,7842429.0
2025-01-10,43.79,44.08,41.57,41.6,7030003.0
2025-01-13,42.54,43.49,41.96,42.28,7376517.0
2025-01-14,42.28,44.8,42.01,44.45,10801320.0
2025-01-15,44.3,45.26,43.94,44.54,8778741.0
2025-01-16,44.59,45.1,43.76,44.1,6698850.0
2025-01-17,43.88,44.24,43.58,43.93,4223880.0
2025-01-20,44.35,44.81,43.94,44.42,5323639.0
2025-01-21,44.8,44.95,43.95,44.64,5268965.0
2025-01-22,44.3,44.96,43.91,44.15,4594164.0
2025-01-23,44.6,45.46,44.31,44.4,7058307.0
2025-01-24,44.48,45.22,44.21,45.1,6250406.0
2025-01-27,45.4,45.41,44.0,44.0,4548210.0
2025-02-05,44.68,45.93,44.43,45.45,7941943.0
2025-02-06,45.11,46.98,45.05,46.98,8948300.0
2025-02-07,47.03,48.66,46.88,47.94,13670006.0
2025-02-10,48.0,52.28,47.66,50.42,20373773.0
2025-02-11,49.92,50.28,49.15,49.24,14340750.0
2025-02-12,49.1,50.09,49.0,49.45,8681570.0
2025-02-13,49.18,49.44,48.13,48.16,9163945.0
2025-02-14,48.0,50.63,47.9,50.02,13832170.0
2025-02-17,50.99,52.0,49.84,50.41,15808893.0
2025-02-18,51.0,52.1,48.77,48.97,14002548.0
2025-02-19,48.63,50.29,48.52,49.92,9629341.0
2025-02-20,49.85,53.96,49.82,51.99,22784536.0
2025-02-21,51.12,52.97,51.01,52.5,16925600.0
2025-02-24,53.49,53.6,51.18,51.76,11409335.0
2025-02-25,50.51,53.23,50.4,52.43,14424457.0
2025-02-26,51.91,52.2,50.88,51.74,10846505.0
2025-02-27,51.6,51.6,49.48,50.5,10883950.0
2025-02-28,50.01,50.29,47.35,47.65,9557799.0
2025-03-03,48.06,49.26,47.31,48.5,8001316.0
2025-03-04,48.01,50.95,48.0,50.02,9717162.0
2025-03-05,50.02,50.44,49.1,49.7,5723680.0
2025-03-06,50.28,52.5,49.78,52.19,15811383.0
2025-03-07,52.0,52.56,51.01,51.43,9867115.0
2025-03-10,52.55,53.0,50.71,51.36,10754541.0
2025-03-11,50.0,52.98,49.9,51.48,11584718.0
2025-03-12,51.48,56.9,50.79,54.09,26320097.0
2025-03-13,53.13,56.27,53.13,55.07,25339103.0
2025-03-14,55.99,56.16,53.6,54.81,17423540.0
2025-03-17,54.81,55.14,53.01,53.21,12596631.0
2025-03-18,53.72,55.59,52.74,55.12,15854846.0
2025-03-19,55.18,60.09,54.84,56.89,29893726.0
2025-03-20,55.21,57.5,54.67,54.86,20610384.0
2025-03-21,55.99,56.4,52.67,53.18,15143847.0
2025-03-24,51.0,51.04,47.12,48.4,20046336.0
2025-03-25,48.0,48.55,47.53,47.72,7308132.0
2025-03-26,47.66,48.55,47.6,47.93,5438354.0
2025-03-27,47.8,48.66,46.91,48.1,6458124.0
2025-03-28,47.93,48.84,47.83,48.1,6356089.0
2025-03-31,47.5,49.03,46.01,48.52,10478696.0
2025-04-01,48.82,51.33,48.7,49.29,14161737.0
2025-04-02,48.98,50.22,48.31,49.02,7897866.0
2025-04-03,48.53,49.9,47.96,48.6,6401040.0
2025-04-07,45.6,46.6,39.0,40.57,14103337.0
2025-04-08,41.51,43.38,40.65,41.74,10573076.0
2025-04-09,41.0,43.43,39.33,43.0,11288658.0
2025-04-10,44.18,45.13,43.52,43.79,8836120.0
2025-04-11,43.36,44.98,43.3,44.29,6856830.0
2025-04-14,44.9,45.58,44.25,44.69,6596740.0
2025-04-15,44.32,45.47,44.02,45.2,6341060.0
2025-04-16,44.8,46.16,44.08,44.58,6987824.0
2025-04-17,44.14,45.36,44.13,44.68,4671245.0
2025-04-18,44.01,45.82,43.6,44.57,7928880.0
2025-04-21,44.19,45.13,43.72,45.02,5278496.0
2025-04-22,40.0,41.98,39.28,40.44,22471290.0
2025-04-23,40.5,41.32,40.18,40.82,10897525.0
2025-04-24,40.9,41.38,39.91,40.11,6232413.0
2025-04-25,40.02,40.64,39.94,40.23,4490880.0
2025-04-28,40.19,40.2,39.3,39.5,5064230.0
2025-04-29,39.3,39.85,39.15,39.53,4203945.0
2025-04-30,39.55,40.98,39.5,40.65,6285520.0
2025-05-06,41.41,42.96,41.1,42.84,10100910.0
2025-05-07,43.73,44.99,43.01,43.39,14123082.0
2025-05-08,43.35,46.68,43.35,44.32,17609796.0
2025-05-09,43.76,44.19,42.68,42.8,9779460.0
2025-05-12,44.1,44.3,43.21,43.9,9058085.0
2025-05-13,44.45,45.1,43.48,44.42,12215673.0
2025-05-14,44.13,45.13,43.91,44.16,8256229.0
2025-05-15,44.33,44.6,43.72,43.75,5843711.0
2025-05-16,43.86,43.86,43.2,43.29,5129271.0
2025-05-19,43.65,44.5,43.22,44.5,7808432.0
2025-05-20,44.23,44.55,43.79,44.52,6103938.0
2025-05-21,45.39,45.68,43.79,43.81,12695459.0
2025-05-22,43.25,43.83,42.71,42.93,7399619.0
2025-05-23,42.9,43.5,42.34,42.35,5774631.0
2025-05-26,42.4,43.05,42.01,42.94,3983900.0
2025-05-27,42.74,42.74,42.0,42.37,3171400.0
2025-05-28,42.53,42.75,41.68,41.9,4180529.0
2025-05-29,41.82,42.97,41.8,42.81,4995554.0
2025-05-30,42.81,45.85,42.69,44.16,19077937.0
2025-06-03,44.16,46.14,43.88,45.16,14174250.0
2025-06-04,44.76,45.65,44.31,45.29,7860460.0
2025-06-05,45.04,45.16,44.44,44.79,5699246.0
2025-06-06,44.8,45.62,44.12,44.63,7310349.0
2025-06-09,44.63,45.77,44.49,45.27,7857859.0
2025-06-10,45.21,45.33,43.88,44.43,6892921.0
2025-06-11,44.44,44.71,44.16,44.29,4507240.0
2025-06-12,44.29,47.64,44.01,47.18,21362633.0
2025-06-13,47.0,47.69,46.12,46.2,14196791.0
2025-06-16,47.2,48.2,46.43,46.6,10191941.0
2025-06-17,51.23,53.08,50.0,50.33,33420735.0
2025-06-18,49.22,52.0,48.21,48.23,26326161.0
2025-06-19,47.21,49.03,46.56,46.79,17986361.0
2025-06-20,46.53,47.02,45.9,45.93,10636311.0
2025-06-23,47.38,50.13,47.33,48.47,18062193.0
2025-06-24,48.65,49.02,47.5,48.62,13800059.0
2025-06-25,48.29,49.49,47.74,49.4,13627915.0
2025-06-26,48.98,49.35,48.3,48.33,10008665.0
2025-06-27,48.33,48.51,47.6,47.96,6724085.0
2025-06-30,50.0,51.77,49.22,51.41,23569748.0
2025-07-01,50.5,55.56,50.5,52.26,27151538.0
2025-07-02,51.2,52.19,49.82,49.87,16812445.0
2025-07-03,49.87,50.3,49.47,49.91,7802638.0
2025-07-04,51.89,52.79,50.4,50.55,19563820.0
2025-07-07,49.5,50.09,49.09,49.24,11982056.0
2025-07-08,48.93,49.76,48.81,49.43,8565610.0
2025-07-09,49.33,49.8,48.8,49.01,7780190.0
2025-07-10,49.3,49.77,48.1,48.89,6962917.0
2025-07-11,48.69,49.28,48.4,48.96,6688811.0
2025-07-14,48.71,48.85,48.12,48.72,5771190.0
2025-07-15,48.55,48.85,47.47,48.18,7511834.0
2025-07-16,47.98,48.49,47.96,48.29,4480914.0
2025-07-17,48.4,49.3,48.2,49.3,7857157.0
2025-07-18,50.08,50.3,49.3,49.49,9250982.0
2025-07-21,49.04,49.8,49.0,49.56,6185530.0
2025-07-22,49.45,50.23,49.03,50.1,9691354.0
2025-07-23,50.2,51.0,49.5,49.77,10174786.0
2025-07-24,49.72,50.25,49.58,50.02,6596955.0
2025-07-25,50.0,50.25,49.42,49.52,5912251.0
2025-07-28,49.3,49.57,48.91,48.93,6724380.0
2025-07-29,48.67,48.88,47.97,48.88,6964146.0
2025-07-30,48.6,49.58,47.98,48.35,8506016.0
2025-07-31,49.0,50.77,48.0,50.08,14567592.0
2025-08-01,49.7,51.19,49.49,50.05,13415240.0
2025-08-04,49.02,49.86,48.18,49.72,8085372.0
2025-08-05,49.6,51.98,49.6,51.63,16564466.0
2025-08-06,51.2,52.56,50.81,51.93,13250535.0
2025-08-07,51.69,54.7,51.31,54.59,15984788.0
2025-08-08,58.0,65.51,57.08,57.59,48035708.0
2025-08-11,59.07,60.15,57.32,57.41,30995913.0
2025-08-12,57.0,62.57,56.71,60.18,33123927.0
2025-08-13,59.05,62.87,58.6,62.5,32073844.0
2025-08-14,62.0,70.48,61.1,67.82,39681524.0
2025-08-15,67.48,69.8,65.71,66.46,33250048.0
2025-08-18,67.66,70.0,65.88,66.84,27474638.0
2025-08-19,66.0,69.64,65.51,66.16,23419265.0
2025-08-20,65.9,65.97,62.67,63.72,22770908.0
2025-08-21,61.12,62.24,60.66,61.25,16405177.0
2025-08-22,61.27,61.58,60.42,60.94,13843070.0
2025-08-25,61.0,62.47,60.96,61.78,14871753.0
2025-08-26,61.95,61.95,60.8,60.9,10124724.0
2025-08-27,61.46,61.96,58.89,59.01,16283159.0
2025-08-28,59.0,60.89,57.8,60.11,17454871.0
2025-08-29,61.31,62.74,60.44,60.8,20344300.0
2025-09-01,60.29,66.13,59.46,65.24,28649560.0
2025-09-02,64.76,65.15,61.5,61.96,19967832.0
2025-09-03,61.8,62.06,59.2,59.51,12731373.0
2025-09-04,59.98,61.68,57.66,58.8,13219957.0
2025-09-05,58.88,60.48,55.61,60.08,10800829.0
2025-09-08,59.9,61.1,59.66,60.82,9683483.0
2025-09-09,60.24,60.3,58.48,58.5,8399373.0
2025-09-10,60.71,61.52,59.2,59.47,10490011.0
2025-09-11,58.62,59.95,57.75,59.94,10349281.0
2025-09-12,59.9,61.59,59.51,60.8,11957569.0
2025-09-15,60.3,60.98,59.81,60.25,7362916.0
2025-09-16,60.24,62.39,59.7,62.23,14928006.0
2025-09-17,62.48,62.6,61.0,61.59,10035472.0
2025-09-18,61.86,61.94,58.91,59.68,12764235.0
2025-09-19,59.5,59.99,58.06,58.07,7630911.0
2025-09-22,58.08,58.63,57.5,58.3,5308624.0
2025-09-23,58.32,58.98,56.03,57.49,9181619.0
2025-09-24,57.15,59.47,56.9,59.33,8200853.0
2025-09-25,59.01,59.81,58.5,59.07,6797137.0
2025-09-26,58.61,59.07,57.2,57.22,5503658.0
2025-09-29,57.28,57.97,56.65,57.89,4048297.0
2025-09-30,57.9,58.68,57.7,58.45,4410060.0
2025-10-09,58.45,60.99,58.12,60.8,11011557.0
2025-10-10,60.9,61.93,60.08,60.5,10040266.0
2025-10-13,58.0,61.73,57.8,61.45,9955748.0
2025-10-14,61.88,62.68,60.5,60.95,11653827.0
2025-10-15,60.95,62.55,59.56,61.94,12756916.0
2025-10-16,61.33,64.64,60.58,63.49,18780571.0
2025-10-17,62.87,63.18,58.51,58.96,14272195.0
2025-10-20,59.88,61.99,59.21,61.06,10965761.0
2025-10-21,60.62,61.17,59.14,59.99,8716379.0
2025-10-22,59.58,59.98,57.08,57.19,11845963.0
2025-10-23,57.0,57.38,55.77,57.36,6846760.0
2025-10-24,57.58,60.38,57.47,59.73,13963424.0
2025-10-27,60.27,62.17,60.27,61.7,15079960.0
2025-10-28,60.66,62.15,60.08,61.0,11399298.0
2025-10-29,61.5,63.98,60.5,63.21,20512948.0
2025-10-30,63.18,65.2,62.62,63.51,22699203.0
2025-10-31,63.02,66.32,62.78,63.45,18710796.0
2025-11-03,63.45,63.82,61.58,63.66,13349882.0
2025-11-04,63.55,63.57,61.5,62.53,10851019.0
2025-11-05,61.82,63.48,60.22,61.85,11587808.0
2025-11-06,61.69,62.92,61.31,62.37,8180054.0
2025-11-07,61.75,61.8,58.63,59.07,13650888.0
2025-11-10,60.0,61.17,58.89,59.13,8301363.0
2025-11-11,59.09,59.45,58.0,58.15,6680693.0
2025-11-12,59.33,60.88,58.64,59.04,15137055.0
2025-11-13,57.91,59.31,56.61,59.06,11362591.0
2025-11-14,58.7,59.88,58.2,58.57,8494631.0
2025-11-17,58.06,58.08,57.08,57.35,6166716.0
2025-11-18,57.17,57.91,56.88,57.47,5213432.0
2025-11-19,57.44,57.69,56.1,56.22,5558616.0
2025-11-20,56.5,56.73,54.98,55.32,5908848.0
2025-11-21,54.6,55.27,52.58,52.72,6946780.0
2025-11-24,52.99,54.1,52.61,53.81,4384630.0
2025-11-25,53.83,54.74,53.8,54.15,5484599.0
2025-11-26,54.39,54.59,53.8,54.12,3946579.0
2025-11-27,54.12,54.66,53.69,54.25,3523893.0
2025-11-28,54.86,54.9,53.97,54.47,2959516.0
2025-12-01,54.77,55.48,54.77,55.38,5951701.0
2025-12-02,55.38,56.3,54.81,55.27,5641742.0
2025-12-03,56.1,56.1,54.33,54.97,4967469.0
2025-12-04,54.51,54.88,53.51,53.85,3968091.0
2025-12-05,53.8,55.59,53.7,54.6,5481383.0
2025-12-08,54.07,55.29,54.07,54.93,5135887.0
2025-12-09,54.8,55.85,54.65,54.8,4812834.0
2025-12-10,54.78,54.78,53.69,54.02,3920884.0
2025-12-11,54.01,54.25,53.19,53.26,3545640.0
2025-12-12,53.22,54.56,53.1,54.12,4028294.0
2025-12-15,54.09,54.54,53.3,53.31,3544769.0
2025-12-16,53.21,53.44,51.99,52.0,3973930.0
2025-12-17,52.01,54.3,52.01,53.65,6353970.0
2025-12-18,53.38,54.96,53.15,54.35,7280018.0
2025-12-19,54.13,55.85,53.63,54.92,7155312.0
2025-12-22,54.6,55.65,54.46,55.64,6925607.0
2025-12-23,55.4,55.52,54.85,55.14,4025905.0
2025-12-24,55.14,56.66,54.69,56.48,9099513.0
2025-12-25,56.58,57.99,56.25,57.47,11654920.0
2025-12-26,57.5,57.65,56.0,56.32,7302704.0
2025-12-29,56.55,61.46,56.33,60.38,20567492.0
2025-12-30,59.89,60.55,59.11,59.9,10183947.0
2025-12-31,59.66,59.9,58.56,58.98,6332944.0
2026-01-05,70.78,70.78,70.78,70.78,10669422.0
2026-01-06,84.94,84.94,84.94,84.94,3561237.0
2026-01-07,90.49,100.0,86.7,93.82,74528046.0
2026-01-08,93.82,103.0,88.94,98.88,59400676.0
2026-01-09,94.0,98.76,91.28,92.1,48343987.0
2026-01-12,92.93,102.0,92.73,98.5,48941932.0
2026-01-13,99.0,99.6,91.19,94.63,36658332.0
2026-01-14,93.0,102.88,91.81,94.78,42234283.0
2026-01-15,92.3,98.5,87.78,89.3,32750635.0
2026-01-16,87.11,88.88,82.09,82.21,30081903.0
2026-01-19,82.0,84.0,80.65,80.88,16726657.0
2026-01-20,80.87,80.87,77.55,78.37,15847669.0
2026-01-21,77.64,79.13,76.92,78.17,12946834.0
2026-01-22,78.6,79.86,77.27,79.15,15372688.0
2026-01-23,81.46,82.93,79.05,81.71,26886110.0
2026-01-26,81.59,81.69,76.62,77.03,20075372.0
2026-01-27,76.48,77.77,74.27,77.42,13707321.0
2026-01-28,77.36,77.99,75.9,76.37,9286163.0
2026-01-29,76.02,80.89,75.5,78.0,19044357.0
2026-01-30,77.0,77.27,75.12,76.5,10015681.0
2026-02-02,76.8,78.68,76.28,76.56,11470935.0
2026-02-03,77.27,79.11,77.0,78.69,13243839.0
2026-02-04,78.0,78.86,75.75,77.52,13505022.0
2026-02-05,76.2,78.28,74.28,75.89,14372930.0
2026-02-06,74.2,74.5,72.51,73.29,11258282.0
2026-02-09,74.62,77.93,74.62,77.19,14559126.0
2026-02-10,77.0,77.18,75.7,76.9,7095126.0
2026-02-11,76.5,77.37,75.75,75.87,6046143.0
2026-02-12,75.76,77.0,75.01,76.56,7359845.0
2026-02-13,76.37,80.64,76.1,79.68,18455758.0
2026-02-24,79.68,79.68,73.4,75.77,15502293.0
2026-02-25,75.58,78.0,75.57,77.26,9899663.0
2026-02-26,77.26,77.26,75.0,76.11,9658746.0
2026-02-27,75.48,77.8,75.37,77.29,9840861.0
2026-03-02,75.8,77.66,74.8,76.75,10719004.0
2026-03-03,76.67,77.9,70.33,70.7,15732107.0
2026-03-04,69.22,72.08,69.22,70.77,6778109.0
2026-03-05,72.36,76.66,71.75,74.02,18529349.0
2026-03-06,73.86,80.7,73.78,77.22,23974730.0
2026-03-09,73.7,78.34,73.7,77.91,17857030.0
2026-03-10,78.1,79.03,76.57,77.84,14184726.0
2026-03-11,79.0,84.44,77.0,82.48,29482521.0
2026-03-12,80.5,86.0,79.43,85.03,24906491.0
2026-03-13,83.5,95.45,81.17,87.78,30813376.0
2026-03-16,86.98,94.38,81.49,81.5,32829093.0
2026-03-17,81.02,81.45,75.83,75.92,22961193.0
2026-03-18,75.78,77.38,74.5,76.0,12844346.0
2026-03-19,74.51,74.52,72.0,72.52,12819256.0
2026-03-20,72.75,73.19,69.57,69.65,11134876.0
2026-03-23,67.99,69.29,65.0,65.73,10525374.0
2026-03-24,67.0,67.99,65.73,67.58,10397855.0
2026-03-25,67.5,70.0,67.41,68.96,8762529.0
2026-03-26,69.72,70.69,67.2,67.5,9035694.0
2026-03-27,66.68,68.59,66.5,67.42,7373753.0
2026-03-30,65.6,66.85,65.21,66.5,6981001.0
2026-03-31,66.37,67.79,65.22,65.22,6805460.0
2026-04-01,66.49,68.26,65.82,67.77,9426790.0
2026-04-02,70.0,71.47,68.39,68.73,16279167.0
2026-04-03,67.2,67.67,65.0,65.1,10111466.0
2026-04-07,64.67,65.57,63.44,64.61,6148581.0
2026-04-08,66.38,69.18,66.28,69.15,11763825.0
2026-04-09,68.0,68.06,66.7,67.2,7424356.0
2026-04-10,67.8,68.87,67.5,68.08,7243068.0
2026-04-13,67.51,69.33,67.38,68.77,7154120.0
2026-04-14,69.98,69.99,68.8,69.84,8306016.0
2026-04-15,69.99,70.98,68.19,68.53,8426585.0
2026-04-16,68.34,69.66,67.8,69.63,7438949.0
2026-04-17,69.0,69.32,68.44,68.8,5582123.0
2026-04-20,68.15,70.48,68.15,70.09,7433508.0
2026-04-21,69.6,70.7,68.35,68.87,9179519.0
2026-04-22,68.1,69.25,66.6,69.17,9952518.0
2026-04-23,68.8,70.58,66.42,67.15,9444298.0
2026-04-24,66.6,67.15,65.43,65.8,6140076.0
2026-04-27,65.51,66.07,64.63,65.3,5145189.0
2026-04-28,65.01,65.65,63.02,63.21,7345670.0
2026-04-29,62.94,64.46,62.17,63.88,5700264.0
2026-04-30,63.59,64.49,63.55,64.12,4879853.0
2026-05-06,64.12,67.89,64.05,66.8,10422109.0
2026-05-07,66.66,69.68,66.38,69.33,11237531.0
2026-05-08,69.64,70.5,68.68,70.16,10134047.0
2026-05-11,69.5,70.96,69.18,70.45,9917125.0
2026-05-12,70.3,71.0,69.0,69.39,6505672.0
2026-05-13,69.0,71.19,68.96,70.45,8114754.0
2026-05-14,70.46,71.33,67.91,67.93,7390612.0
2026-05-15,67.88,69.27,66.8,67.22,6609454.0
2026-05-18,66.86,67.65,65.53,66.01,5693888.0
2026-05-19,69.5,74.59,69.32,71.99,23355311.0
2026-05-20,69.96,70.8,66.0,66.07,18147547.0
2026-05-21,66.2,67.9,63.78,63.9,11377264.0
2026-05-22,64.0,64.79,62.88,64.69,7089526.0
2026-05-25,64.38,65.26,63.06,63.93,6803978.0
2026-05-26,63.25,63.48,60.7,61.99,8340235.0
2026-05-27,61.92,62.3,60.48,60.75,5301602.0
2026-05-28,60.48,61.69,59.45,61.2,5794864.0
2026-05-29,61.0,61.0,57.97,58.1,7831422.0
2026-06-01,57.97,59.39,57.68,58.38,4242100.0
2026-06-02,58.39,58.84,56.65,57.87,5155980.0
2026-06-03,57.77,59.41,57.39,58.37,5444761.0
2026-06-04,58.23,58.4,57.02,57.63,4085036.0
2026-06-05,55.55,56.4,53.96,55.43,8590868.0
2026-06-08,54.33,56.35,53.09,53.81,6155620.0
2026-06-09,54.34,54.88,53.01,54.16,4285445.0
2026-06-10,53.64,53.99,51.98,52.6,4443557.0
2026-06-11,52.14,52.5,50.9,51.51,4474575.0
2026-06-12,51.94,53.85,51.75,53.11,5594307.0
2026-06-15,53.01,54.54,53.01,54.5,4753063.0
2026-06-16,54.25,54.71,53.42,54.15,3787394.0
2026-06-17,53.75,54.66,53.53,53.95,3756752.0
2026-06-18,53.7,55.37,53.7,54.14,5065485.0
2026-06-22,53.52,53.96,51.15,53.07,7552304.0
2026-06-23,52.66,55.28,52.21,52.41,8303748.0
2026-06-24,53.93,57.76,53.88,55.04,16199839.0
2026-06-25,53.0,53.56,50.37,51.32,14503764.0
2026-06-26,50.56,51.0,48.04,48.04,8727862.0
2026-06-29,48.38,49.28,46.83,48.9,7918533.0
2026-06-30,48.13,48.5,47.03,48.18,6496779.0
2026-07-01,48.82,52.16,47.47,50.79,13416610.0
2026-07-02,50.81,52.74,50.69,51.14,11327884.0
2026-07-03,50.73,51.96,50.16,51.8,8727082.0
2026-07-06,51.95,55.5,51.21,54.9,16224702.0
2026-07-07,53.16,53.99,50.08,50.3,12156971.0
2026-07-08,50.02,50.85,48.7,48.79,6023960.0
2026-07-09,49.91,49.91,46.91,49.21,5881669.0
2026-07-10,49.0,51.37,48.0,50.45,8070385.0
2026-07-13,50.0,50.78,47.51,47.7,5878439.0
2026-07-14,48.23,49.5,47.34,48.27,5186922.0
2026-07-15,47.7,50.29,47.11,49.75,8089379.0
2026-07-16,49.59,52.83,47.95,52.36,14241413.0
2026-07-17,51.12,52.36,48.5,48.51,10506563.0
2026-07-20,48.0,50.74,47.53,49.61,8319336.0
2026-07-21,49.24,50.48,47.66,50.48,8948953.0
2026-07-22,49.85,52.0,49.5,51.2,9088859.0
2026-07-23,51.76,54.98,50.6,53.9,15097097.0
2026-07-24,53.1,56.44,51.55,51.55,16412214.0
2026-07-27,51.89,58.85,51.88,58.1,21918617.0
2026-07-28,56.0,64.99,56.0,60.43,32207623.0
2026-07-29,58.42,58.99,52.99,54.56,24352679.0
2026-07-30,53.5,55.5,52.61,52.93,14774768.0
2026-07-31,51.8,56.62,51.78,54.11,14162416.0
2026-08-03,53.5,54.0,52.62,53.43,7540233.0
2026-08-04,53.82,56.1,53.81,55.86,13862435.0
2026-08-05,55.0,56.9,54.89,56.56,13523887.0
2026-08-06,56.0,56.63,54.7,55.11,12870855.0
2026-08-07,54.52,56.88,54.2,56.81,15779620.0
2026-08-10,56.81,58.93,56.2,57.14,16408023.0
2026-08-11,56.18,57.18,55.77,55.9,10330694.0
2026-08-12,55.28,60.39,55.26,58.07,18722340.0
2026-08-13,57.79,59.7,56.81,59.04,19066085.0
2026-08-14,58.5,58.82,56.74,57.63,12168319.0
2026-08-17,56.97,57.3,55.97,57.3,9017751.0
2026-08-18,57.0,57.0,54.82,55.1,10712308.0
2026-08-19,54.47,55.0,51.81,51.94,8804270.0
2026-08-20,52.91,54.33,52.71,53.05,8983511.0
2026-08-21,52.12,52.45,51.0,51.97,6119272.0
2026-08-24,51.64,52.22,50.16,50.55,4632484.0
2026-08-25,50.97,52.2,50.88,51.5,6176749.0
2026-08-26,51.5,53.3,51.06,51.92,6787732.0
2026-08-27,51.2,52.69,51.07,52.67,5474748.0
2026-08-28,52.6,52.87,51.88,51.95,4106769.0
